uuid,username,email,password,created_at
00000001-aaaa-4aaa-8aaa-000000000001,juanrom01,juanrom01@example.com,12345678,2023-01-02 08:14:03
00000002-aaaa-4aaa-8aaa-000000000002,maripez02,maripez02@example.com,23456789,2023-01-05 09:22:41
00000003-aaaa-4aaa-8aaa-000000000003,lucgom03,lucgom03@example.com,34567890,2023-01-08 10:45:19
00000004-aaaa-4aaa-8aaa-000000000004,anasan04,anasan04@example.com,45678901,2023-01-11 11:03:55
00000005-aaaa-4aaa-8aaa-000000000005,mardia05,mardia05@example.com,56789012,2023-01-14 12:37:28
00000006-aaaa-4aaa-8aaa-000000000006,sofgar06,sofgar06@example.com,67890123,2023-01-17 13:58:44
00000007-aaaa-4aaa-8aaa-000000000007,diegflo07,diegflo07@example.com,78901234,2023-01-20 14:11:09
00000008-aaaa-4aaa-8aaa-000000000008,laurtor08,laurtor08@example.com,89012345,2023-01-23 15:42:17
00000009-aaaa-4aaa-8aaa-000000000009,pabruiz09,pabruiz09@example.com,90123456,2023-01-26 16:05:36
00000010-aaaa-4aaa-8aaa-000000000010,carlpez10,carlpez10@example.com,11223344,2023-01-29 17:49:52
00000011-aaaa-4aaa-8aaa-000000000011,nicgom11,nicgom11@example.com,22334455,2023-02-01 09:17:06
00000012-aaaa-4aaa-8aaa-000000000012,florom12,florom12@example.com,33445566,2023-02-04 10:31:48
00000013-aaaa-4aaa-8aaa-000000000013,agusdia13,agusdia13@example.com,44556677,2023-02-07 11:54:10
00000014-aaaa-4aaa-8aaa-000000000014,valegar14,valegar14@example.com,55667788,2023-02-10 13:02:59
00000015-aaaa-4aaa-8aaa-000000000015,tomlop15,tomlop15@example.com,66778899,2023-02-13 14:27:33
00000016-aaaa-4aaa-8aaa-000000000016,julfer16,julfer16@example.com,77889900,2023-02-16 15:41:21
00000017-aaaa-4aaa-8aaa-000000000017,andgar17,andgar17@example.com,88990011,2023-02-19 16:56:07
00000018-aaaa-4aaa-8aaa-000000000018,camilo18,camilo18@example.com,99001122,2023-02-22 18:09:54
00000019-aaaa-4aaa-8aaa-000000000019,fedtor19,fedtor19@example.com,10111213,2023-02-25 19:33:40
00000020-aaaa-4aaa-8aaa-000000000020,rocdia20,rocdia20@example.com,12131415,2023-02-28 20:48:12
00000021-aaaa-4aaa-8aaa-000000000021,juanrom21,juanrom21@example.com,13141516,2023-03-03 08:11:02
00000022-aaaa-4aaa-8aaa-000000000022,maripez22,maripez22@example.com,14151617,2023-03-06 09:44:55
00000023-aaaa-4aaa-8aaa-000000000023,lucgom23,lucgom23@example.com,15161718,2023-03-09 10:18:36
00000024-aaaa-4aaa-8aaa-000000000024,anasan24,anasan24@example.com,16171819,2023-03-12 11:52:09
00000025-aaaa-4aaa-8aaa-000000000025,mardia25,mardia25@example.com,17181920,2023-03-15 12:07:41
00000026-aaaa-4aaa-8aaa-000000000026,sofgar26,sofgar26@example.com,18192021,2023-03-18 13:39:58
00000027-aaaa-4aaa-8aaa-000000000027,diegflo27,diegflo27@example.com,19202122,2023-03-21 14:26:14
00000028-aaaa-4aaa-8aaa-000000000028,laurtor28,laurtor28@example.com,20212223,2023-03-24 15:55:47
00000029-aaaa-4aaa-8aaa-000000000029,pabruiz29,pabruiz29@example.com,21222324,2023-03-27 16:08:33
00000030-aaaa-4aaa-8aaa-000000000030,carlpez30,carlpez30@example.com,22232425,2023-03-30 17:43:50
00000031-aaaa-4aaa-8aaa-000000000031,nicgom31,nicgom31@example.com,23242526,2023-04-02 09:12:04
00000032-aaaa-4aaa-8aaa-000000000032,florom32,florom32@example.com,24252627,2023-04-05 10:47:19
00000033-aaaa-4aaa-8aaa-000000000033,agusdia33,agusdia33@example.com,25262728,2023-04-08 11:23:58
00000034-aaaa-4aaa-8aaa-000000000034,valegar34,valegar34@example.com,26272829,2023-04-11 13:05:41
00000035-aaaa-4aaa-8aaa-000000000035,tomlop35,tomlop35@example.com,27282930,2023-04-14 14:36:27
00000036-aaaa-4aaa-8aaa-000000000036,julfer36,julfer36@example.com,28293031,2023-04-17 15:19:52
00000037-aaaa-4aaa-8aaa-000000000037,andgar37,andgar37@example.com,29303132,2023-04-20 16:58:08
00000038-aaaa-4aaa-8aaa-000000000038,camilo38,camilo38@example.com,30313233,2023-04-23 18:41:16
00000039-aaaa-4aaa-8aaa-000000000039,fedtor39,fedtor39@example.com,31323334,2023-04-26 19:07:45
00000040-aaaa-4aaa-8aaa-000000000040,rocdia40,rocdia40@example.com,32333435,2023-04-29 20:53:29
00000041-aaaa-4aaa-8aaa-000000000041,juanrom41,juanrom41@example.com,33343536,2023-05-02 08:09:12
00000042-aaaa-4aaa-8aaa-000000000042,maripez42,maripez42@example.com,34353637,2023-05-05 09:46:08
00000043-aaaa-4aaa-8aaa-000000000043,lucgom43,lucgom43@example.com,35363738,2023-05-08 10:34:51
00000044-aaaa-4aaa-8aaa-000000000044,anasan44,anasan44@example.com,36373839,2023-05-11 11:58:06
00000045-aaaa-4aaa-8aaa-000000000045,mardia45,mardia45@example.com,37383940,2023-05-14 12:21:33
00000046-aaaa-4aaa-8aaa-000000000046,sofgar46,sofgar46@example.com,38394041,2023-05-17 13:49:17
00000047-aaaa-4aaa-8aaa-000000000047,diegflo47,diegflo47@example.com,39404142,2023-05-20 14:06:55
00000048-aaaa-4aaa-8aaa-000000000048,laurtor48,laurtor48@example.com,40414243,2023-05-23 15:44:02
00000049-aaaa-4aaa-8aaa-000000000049,pabruiz49,pabruiz49@example.com,41424344,2023-05-26 16:27:38
00000050-aaaa-4aaa-8aaa-000000000050,carlpez50,carlpez50@example.com,42434445,2023-05-29 17:59:11
00000051-aaaa-4aaa-8aaa-000000000051,nicgom51,nicgom51@example.com,43444546,2023-06-01 09:14:09
00000052-aaaa-4aaa-8aaa-000000000052,florom52,florom52@example.com,44454647,2023-06-04 10:42:55
00000053-aaaa-4aaa-8aaa-000000000053,agusdia53,agusdia53@example.com,45464748,2023-06-07 11:28:34
00000054-aaaa-4aaa-8aaa-000000000054,valegar54,valegar54@example.com,46474849,2023-06-10 13:03:21
00000055-aaaa-4aaa-8aaa-000000000055,tomlop55,tomlop55@example.com,47484950,2023-06-13 14:36:48
00000056-aaaa-4aaa-8aaa-000000000056,julfer56,julfer56@example.com,48495051,2023-06-16 15:19:06
00000057-aaaa-4aaa-8aaa-000000000057,andgar57,andgar57@example.com,49505152,2023-06-19 16:57:42
00000058-aaaa-4aaa-8aaa-000000000058,camilo58,camilo58@example.com,50515253,2023-06-22 18:33:27
00000059-aaaa-4aaa-8aaa-000000000059,fedtor59,fedtor59@example.com,51525354,2023-06-25 19:11:58
00000060-aaaa-4aaa-8aaa-000000000060,rocdia60,rocdia60@example.com,52535455,2023-06-28 20:49:03
00000061-aaaa-4aaa-8aaa-000000000061,juanrom61,juanrom61@example.com,53545556,2023-07-01 08:07:41
00000062-aaaa-4aaa-8aaa-000000000062,maripez62,maripez62@example.com,54555657,2023-07-04 09:38:29
00000063-aaaa-4aaa-8aaa-000000000063,lucgom63,lucgom63@example.com,55565758,2023-07-07 10:55:12
00000064-aaaa-4aaa-8aaa-000000000064,anasan64,anasan64@example.com,56575859,2023-07-10 11:41:06
00000065-aaaa-4aaa-8aaa-000000000065,mardia65,mardia65@example.com,57585960,2023-07-13 12:23:58
00000066-aaaa-4aaa-8aaa-000000000066,sofgar66,sofgar66@example.com,58596061,2023-07-16 13:47:35
00000067-aaaa-4aaa-8aaa-000000000067,diegflo67,diegflo67@example.com,59606162,2023-07-19 14:14:09
00000068-aaaa-4aaa-8aaa-000000000068,laurtor68,laurtor68@example.com,60616263,2023-07-22 15:52:41
00000069-aaaa-4aaa-8aaa-000000000069,pabruiz69,pabruiz69@example.com,61626364,2023-07-25 16:08:27
00000070-aaaa-4aaa-8aaa-000000000070,carlpez70,carlpez70@example.com,62636465,2023-07-28 17:46:54
00000071-aaaa-4aaa-8aaa-000000000071,nicgom71,nicgom71@example.com,63646566,2023-07-31 09:05:16
00000072-aaaa-4aaa-8aaa-000000000072,florom72,florom72@example.com,64656667,2023-08-03 10:39:02
00000073-aaaa-4aaa-8aaa-000000000073,agusdia73,agusdia73@example.com,65666768,2023-08-06 11:57:48
00000074-aaaa-4aaa-8aaa-000000000074,valegar74,valegar74@example.com,66676869,2023-08-09 13:21:33
00000075-aaaa-4aaa-8aaa-000000000075,tomlop75,tomlop75@example.com,67686970,2023-08-12 14:48:19
00000076-aaaa-4aaa-8aaa-000000000076,julfer76,julfer76@example.com,68697071,2023-08-15 15:34:06
00000077-aaaa-4aaa-8aaa-000000000077,andgar77,andgar77@example.com,69707172,2023-08-18 16:59:42
00000078-aaaa-4aaa-8aaa-000000000078,camilo78,camilo78@example.com,70717273,2023-08-21 18:17:25
00000079-aaaa-4aaa-8aaa-000000000079,fedtor79,fedtor79@example.com,71727374,2023-08-24 19:45:03
00000080-aaaa-4aaa-8aaa-000000000080,rocdia80,rocdia80@example.com,72737475,2023-08-27 20:26:41
00000081-aaaa-4aaa-8aaa-000000000081,juanrom81,juanrom81@example.com,73747576,2023-08-30 08:12:09
00000082-aaaa-4aaa-8aaa-000000000082,maripez82,maripez82@example.com,74757677,2023-09-02 09:47:36
00000083-aaaa-4aaa-8aaa-000000000083,lucgom83,lucgom83@example.com,75767778,2023-09-05 10:33:18
00000084-aaaa-4aaa-8aaa-000000000084,anasan84,anasan84@example.com,76777879,2023-09-08 11:56:42
00000085-aaaa-4aaa-8aaa-000000000085,mardia85,mardia85@example.com,77787980,2023-09-11 12:29:05
00000086-aaaa-4aaa-8aaa-000000000086,sofgar86,sofgar86@example.com,78798081,2023-09-14 13:51:37
00000087-aaaa-4aaa-8aaa-000000000087,diegflo87,diegflo87@example.com,79808182,2023-09-17 14:08:19
00000088-aaaa-4aaa-8aaa-000000000088,laurtor88,laurtor88@example.com,80818283,2023-09-20 15:42:56
00000089-aaaa-4aaa-8aaa-000000000089,pabruiz89,pabruiz89@example.com,81828384,2023-09-23 16:16:33
00000090-aaaa-4aaa-8aaa-000000000090,carlpez90,carlpez90@example.com,82838485,2023-09-26 17:54:10
00000091-aaaa-4aaa-8aaa-000000000091,nicgom91,nicgom91@example.com,83848586,2023-09-29 09:03:44
00000092-aaaa-4aaa-8aaa-000000000092,florom92,florom92@example.com,84858687,2023-10-02 10:37:18
00000093-aaaa-4aaa-8aaa-000000000093,agusdia93,agusdia93@example.com,85868788,2023-10-05 11:55:49
00000094-aaaa-4aaa-8aaa-000000000094,valegar94,valegar94@example.com,86878889,2023-10-08 13:19:06
00000095-aaaa-4aaa-8aaa-000000000095,tomlop95,tomlop95@example.com,87888990,2023-10-11 14:44:32
00000096-aaaa-4aaa-8aaa-000000000096,julfer96,julfer96@example.com,88999001,2023-10-14 15:28:57
00000097-aaaa-4aaa-8aaa-000000000097,andgar97,andgar97@example.com,99000112,2023-10-17 16:57:21
00000098-aaaa-4aaa-8aaa-000000000098,camilo98,camilo98@example.com,10111223,2023-10-20 18:36:44
00000099-aaaa-4aaa-8aaa-000000000099,fedtor99,fedtor99@example.com,11122334,2023-10-23 19:09:58
00000100-aaaa-4aaa-8aaa-000000000100,rocdia100,rocdia100@example.com,12233445,2023-10-26 20:52:13
